id,first_name,last_name,email,country
1,Ada,Lovelace,ada@example.com,US
2,Alan,Turing,alan@example.com,Germany
3,Grace,Hopper,grace@example.com,US
4,Katherine,Johnson,katherine@example.com,France
5,John,Smith,john.smith@example.com,US
6,Jane,Doe,jane.doe@example.com,Spain
7,Emily,Davis,emily.davis@example.com,US
8,Michael,Brown,michael.brown@example.com,Italy
9,Sarah,Wilson,sarah.wilson@example.com,US
10,David,Jones,david.jones@example.com,Netherlands
11,Linda,Garcia,linda.garcia@example.com,US
12,Kevin,Miller,kevin.miller@example.com,Sweden
13,Mary,Anderson,mary.anderson@example.com,US
14,Robert,Thomas,robert.thomas@example.com,Denmark
15,Jessica,Moore,jessica.moore@example.com,US
16,William,Martin,william.martin@example.com,Ireland
17,Olivia,Jackson,olivia.jackson@example.com,US
18,Thomas,White,thomas.white@example.com,Poland
19,Nancy,Walker,nancy.walker@example.com,US
20,James,Lee,james.lee@example.com,Portugal
21,Patricia,Harris,patricia.harris@example.com,US
22,Christopher,Lewis,christopher.lewis@example.com,Greece
23,Karen,Young,karen.young@example.com,US
24,Mark,Hall,mark.hall@example.com,Austria
25,Elizabeth,Allen,elizabeth.allen@example.com,US
26,Matthew,Wright,matthew.wright@example.com,Belgium
27,Barbara,King,barbara.king@example.com,US
28,Joshua,Scott,joshua.scott@example.com,Finland
29,Ashley,Green,ashley.green@example.com,US
30,Daniel,Baker,daniel.baker@example.com,Hungary
31,Susan,Adams,susan.adams@example.com,US
32,Anthony,Nelson,anthony.nelson@example.com,Croatia
33,Megan,Carter,megan.carter@example.com,US
34,Joseph,Mitchell,joseph.mitchell@example.com,Slovenia
35,Emily,Perez,emily.perez@example.com,US
36,Brian,Roberts,brian.roberts@example.com,Slovakia
37,Amy,Turner,amy.turner@example.com,US
38,Charles,Phillips,charles.phillips@example.com,Estonia
39,Rebecca,Campbell,rebecca.campbell@example.com,US
40,Steven,Parker,steven.parker@example.com,Latvia
41,Michelle,Evans,michelle.evans@example.com,US
42,Paul,Edwards,paul.edwards@example.com,Lithuania
43,Karen,Collins,karen.collins@example.com,US
44,Andrew,Stewart,andrew.stewart@example.com,Czechia
45,Laura,Sanchez,laura.sanchez@example.com,US
46,Edward,Morris,edward.morris@example.com,Romania
47,Brittany,Rogers,brittany.rogers@example.com,US
48,Joshua,Reed,joshua.reed@example.com,Bulgaria
49,Kimberly,Cook,kimberly.cook@example.com,US
50,Ryan,Morgan,ryan.morgan@example.com,Luxembourg
51,Stephanie,Bell,stephanie.bell@example.com,US
52,Jacob,Murphy,jacob.murphy@example.com,Malta
53,Jasmine,Bailey,jasmine.bailey@example.com,US
54,Gary,Rivera,gary.rivera@example.com,Cyprus
55,Melissa,Cooper,melissa.cooper@example.com,US
56,Justin,Richardson,justin.richardson@example.com,Germany
57,Kelly,Cox,kelly.cox@example.com,US
58,Brandon,Howard,brandon.howard@example.com,France
59,Angela,Ward,angela.ward@example.com,US
60,Benjamin,Peterson,benjamin.peterson@example.com,Spain
61,Heather,Gray,heather.gray@example.com,US
62,Samuel,James,samuel.james@example.com,Italy
63,Christina,Watson,christina.watson@example.com,US
64,Alexander,Brooks,alexander.brooks@example.com,Netherlands
65,Erin,Kelly,erin.kelly@example.com,US
66,Scott,Sanders,scott.sanders@example.com,Sweden
67,Kathleen,Price,kathleen.price@example.com,US
68,Aaron,Bennett,aaron.bennett@example.com,Denmark
69,Chloe,Barnes,chloe.barnes@example.com,US
70,Jonathan,Ross,jonathan.ross@example.com,Ireland
71,Lauren,Henderson,lauren.henderson@example.com,US
72,Jeremy,Cole,jeremy.cole@example.com,Poland
73,Julia,Bryant,julia.bryant@example.com,US
74,Nicholas,Hamilton,nicholas.hamilton@example.com,Portugal
75,Dorothy,Griffin,dorothy.griffin@example.com,US
76,Jason,Diaz,jason.diaz@example.com,Greece
77,Samantha,Hayes,samantha.hayes@example.com,US
78,Sean,Myers,sean.myers@example.com,Austria
79,Amanda,Ford,amanda.ford@example.com,US
80,Tyler,Gibson,tyler.gibson@example.com,Belgium
81,Donna,Hudson,donna.hudson@example.com,US
82,Kenneth,Fisher,kenneth.fisher@example.com,Finland
83,Janet,Ellis,janet.ellis@example.com,US
84,Larry,Ramos,larry.ramos@example.com,Hungary
85,Martha,West,martha.west@example.com,US
86,Patrick,Jordan,patrick.jordan@example.com,Croatia
87,Rachel,Bishop,rachel.bishop@example.com,US
88,Dennis,Simmons,dennis.simmons@example.com,Slovenia
89,Brooke,Butler,brooke.butler@example.com,US
90,Ethan,Long,ethan.long@example.com,Slovakia
91,Victoria,Richardson,victoria.richardson@example.com,US
92,Frank,Hughes,frank.hughes@example.com,Estonia
93,Christine,Burns,christine.burns@example.com,US
94,Shawn,Watkins,shawn.watkins@example.com,Latvia
95,Anna,Olson,anna.olson@example.com,US
96,Jack,Freeman,jack.freeman@example.com,Lithuania
97,Sophia,West,sophia.west@example.com,US
98,Jerry,Wheeler,jerry.wheeler@example.com,Czechia
99,Madison,Woods,madison.woods@example.com,US
100,Bruce,Stone,bruce.stone@example.com,Romania
